robo1_q0,robo1_q1,robo2_q0,robo2_q1
-2,-0.6,1.2,-0.6
-2.0914,-0.376262,1.26943,-0.653093
-2.42967,-0.0342355,1.36577,-0.62916
-3.05808,0.872261,1.82994,-1.07183
-3.59389,1.46425,1.84718,-1.23796
-3.38146,1.10564,1.38338,-1.15713
-2.78319,0.5,0.9,-0.8
-2,-0.6,1.2,-0.6
-2.00938,-0.557216,1.26943,-0.653093
-2.10818,-0.315633,1.36577,-0.62916
-3.26798,1.3254,1.82994,-1.07183
-3.53219,1.29599,1.84718,-1.23796
-3.22455,0.958149,1.38338,-1.15713
-2.78319,0.5,0.9,-0.8
-2,-0.6,1.2,-0.6
-2.0914,-0.376262,1.26943,-0.653093
-2.42967,-0.0342355,1.36577,-0.62916
-3.05808,0.872261,1.82994,-1.07183
-3.59389,1.46425,1.84718,-1.23796
-3.38146,1.10564,1.38338,-1.15713
-2.78319,0.5,0.9,-0.8
-2,-0.6,1.2,-0.6
-2.0914,-0.376262,2.00961,-1.73417
-2.42967,-0.0342355,2.13071,-2.01213
-3.05808,0.872261,1.84702,-1.723
-3.59389,1.46425,1.34221,-1.22258
-3.39292,1.22591,1.12111,-1.01129
-2.78319,0.5,0.9,-0.8
-2,-0.6,1.2,-0.6
-1.968,-0.551286,2.00961,-1.73417
-2.21985,-0.2413,2.13071,-2.01213
-3.26798,1.3254,1.84702,-1.723
-3.55758,1.34257,1.34221,-1.22258
-3.22455,0.958149,1.12111,-1.01129
-2.78319,0.5,0.9,-0.8
-2,-0.6,1.2,-0.6
-1.968,-0.551286,1.54396,-0.912293
-2.21985,-0.2413,1.88792,-1.22459
-3.26798,1.3254,2.01699,-1.38472
-3.55758,1.34257,1.77491,-1.47566
-3.22455,0.958149,1.29889,-1.18006
-2.78319,0.5,0.9,-0.8
-2,-0.6,1.2,-0.6
-2.48194,0.150396,1.54396,-0.912293
-2.96388,0.900792,1.88792,-1.22459
-3.2956,1.21772,2.01699,-1.38472
-3.22494,1.26746,1.77491,-1.47566
-3.2803,1.08817,1.29889,-1.18006
-2.78319,0.5,0.9,-0.8
-2,-0.6,1.2,-0.6
-2.48194,0.150396,1.54396,-0.912293
-2.96388,0.900792,1.88792,-1.22459
-3.2956,1.21772,2.01699,-1.38472
-3.22494,1.26746,1.78792,-1.29125
-3.2803,1.08817,1.1839,-0.976979
-2.78319,0.5,0.9,-0.8
-2,-0.6,1.2,-0.6
-2.48194,0.150396,1.54396,-0.912293
-2.96388,0.900792,1.88792,-1.22459
-3.25414,1.34188,2.01699,-1.38472
-3.22494,1.26746,1.78792,-1.29125
-3.19284,0.995206,1.1839,-0.976979
-2.78319,0.5,0.9,-0.8
-2,-0.6,1.2,-0.6
-2.74648,0.67265,1.7345,-1.23735
-3.46538,1.59535,2.12932,-1.72216
-3.64767,1.66795,2.11549,-1.76037
-3.39292,1.22591,1.58661,-1.34972
-3.11177,0.892916,1.15423,-1.03962
-2.78319,0.5,0.9,-0.8
-2,-0.6,1.2,-0.6
-2.74648,0.67265,1.54396,-0.912293
-3.46538,1.59535,1.87264,-1.19257
-3.64767,1.66795,2.01699,-1.38472
-3.39292,1.22591,1.78792,-1.29125
-3.11177,0.892916,1.1839,-0.976979
-2.78319,0.5,0.9,-0.8
-2,-0.6,1.2,-0.6
-1.968,-0.551286,1.54396,-0.912293
-2.10818,-0.315633,1.87264,-1.19257
-3.26798,1.3254,2.01699,-1.38472
-3.55758,1.34257,1.78792,-1.29125
-3.22455,0.958149,1.1839,-0.976979
-2.78319,0.5,0.9,-0.8
-2,-0.6,1.2,-0.6
-1.968,-0.551286,1.54396,-0.912293
-2.10818,-0.315633,1.87264,-1.19257
-3.26798,1.3254,2.01699,-1.38472
-3.55758,1.34257,1.78792,-1.29125
-3.22455,0.958149,1.1839,-0.976979
-2.78319,0.5,0.9,-0.8
-2,-0.6,1.2,-0.6
-1.968,-0.551286,1.58359,-1.032
-2.10818,-0.315633,1.91909,-1.41638
-3.26798,1.3254,2.17733,-1.86583
-3.55758,1.34257,1.69927,-1.64248
-3.22455,0.958149,1.17154,-1.08736
-2.78319,0.5,0.9,-0.8
-2,-0.6,1.2,-0.6
-1.968,-0.551286,1.58359,-1.032
-2.10818,-0.315633,1.91909,-1.41638
-3.26798,1.3254,2.17733,-1.86583
-3.55758,1.34257,1.69927,-1.64248
-3.22455,0.958149,1.17154,-1.08736
-2.78319,0.5,0.9,-0.8
-2,-0.6,1.2,-0.6
-1.968,-0.551286,1.52644,-1.01624
-2.10818,-0.315633,2.20416,-1.81364
-3.26798,1.3254,2.06716,-1.86991
-3.55758,1.34257,1.71426,-1.72161
-3.22455,0.958149,1.25982,-1.28079
-2.78319,0.5,0.9,-0.8
-2,-0.6,1.2,-0.6
-2.31048,-0.325754,1.80888,-1.30588
-2.63826,0.480908,2.00745,-1.56355
-3.2186,1.28309,2.15114,-1.75342
-3.55758,1.34257,1.66116,-1.7777
-3.22455,0.958149,1.29235,-1.30228
-2.78319,0.5,0.9,-0.8
-2,-0.6,1.2,-0.6
-2.05464,-0.710606,1.26943,-0.653093
-2.20548,-0.543105,1.36577,-0.62916
-3.38819,1.44049,1.93106,-1.14098
-3.47508,1.27615,1.84718,-1.23796
-3.25807,1.02028,1.4124,-1.1494
-2.78319,0.5,0.9,-0.8
-2,-0.6,1.2,-0.6
-2.05464,-0.710606,1.76529,-1.13959
-2.20548,-0.543105,2.20907,-1.6535
-3.38819,1.44049,2.11549,-1.76037
-3.47508,1.27615,1.58661,-1.34972
-3.25807,1.02028,1.15423,-1.03962
-2.78319,0.5,0.9,-0.8
-2,-0.6,1.2,-0.6
-2.05464,-0.710606,1.58359,-1.032
-2.20548,-0.543105,2.00745,-1.56355
-3.38819,1.44049,2.27251,-1.71788
-3.47508,1.27615,1.82772,-1.83021
-3.25807,1.02028,1.25982,-1.28079
-2.78319,0.5,0.9,-0.8
-2,-0.6,1.2,-0.6
-2.2717,-0.135103,1.53061,-0.831149
-3.05808,0.872261,1.8294,-1.0912
-3.37606,1.342,2.20416,-1.81364
-3.43459,1.38051,1.92852,-1.84599
-3.22455,0.958149,1.46131,-1.39039
-2.78319,0.5,0.9,-0.8
-2,-0.6,1.2,-0.6
-2.05464,-0.710606,1.53061,-0.831149
-2.20548,-0.543105,1.8294,-1.0912
-3.38819,1.44049,2.20416,-1.81364
-3.47508,1.27615,1.92852,-1.84599
-3.25807,1.02028,1.46131,-1.39039
-2.78319,0.5,0.9,-0.8
-2,-0.6,1.2,-0.6
-2.08224,-0.400749,1.26943,-0.653093
-2.62501,0.383085,1.27774,-0.585043
-3.19545,1.16397,1.8294,-1.0912
-3.4991,1.33962,2.20416,-1.81364
-3.5031,1.33911,1.86784,-1.75364
-2.78319,0.5,0.9,-0.8
-2,-0.6,1.2,-0.6
-2.32126,-0.242498,1.686,-1.3731
-2.76284,0.507435,2.09285,-2.02815
-3.2186,1.28309,2.32169,-2.4052
-3.51187,1.69154,2.07064,-2.23617
-3.63157,1.71746,1.59496,-1.64563
-2.78319,0.5,0.9,-0.8
-2,-0.6,1.2,-0.6
-2.11433,-0.499509,1.686,-1.3731
-2.78713,0.561883,2.09285,-2.02815
-3.46538,1.59535,2.32169,-2.4052
-3.64316,1.68026,2.07064,-2.23617
-3.55607,1.38689,1.59496,-1.64563
-2.78319,0.5,0.9,-0.8
-2,-0.6,1.2,-0.6
-1.97669,-0.585716,1.7781,-1.06493
-2.02321,-0.541322,2.10688,-1.69599
-3.42348,1.35669,1.57499,-1.8606
-3.5031,1.33911,1.43827,-1.50209
-3.11953,0.90122,1.18668,-1.17521
-2.78319,0.5,0.9,-0.8
-2,-0.6,1.2,-0.6
-2.08224,-0.400749,1.7781,-1.06493
-2.62501,0.383085,2.10688,-1.69599
-3.19545,1.16397,1.57499,-1.8606
-3.4991,1.33962,1.43827,-1.50209
-3.5031,1.33911,1.18668,-1.17521
-2.78319,0.5,0.9,-0.8
-2,-0.6,1.2,-0.6
-2.0541,-0.505737,1.7781,-1.06493
-2.21394,-0.23409,2.10688,-1.69599
-3.19545,1.16397,1.57499,-1.8606
-3.4991,1.33962,1.43827,-1.50209
-3.39292,1.22591,1.18668,-1.17521
-2.78319,0.5,0.9,-0.8
-2,-0.6,1.2,-0.6
-2.35392,0.0945575,1.27774,-0.585043
-2.69967,0.726969,1.8294,-1.0912
-3.04661,1.20457,2.20416,-1.81364
-3.61052,1.87343,1.84766,-1.89479
-3.55719,1.88058,1.44439,-1.37217
-2.78319,0.5,0.9,-0.8
-2,-0.6,1.2,-0.6
-2.35392,0.0945575,2.00745,-1.56355
-2.69967,0.726969,2.22019,-1.69324
-3.04661,1.20457,2.27251,-1.71788
-3.61052,1.87343,1.55078,-1.54695
-3.55719,1.88058,1.31283,-1.18889
-2.78319,0.5,0.9,-0.8
-2,-0.6,1.2,-0.6
-2.2717,-0.135103,2.00745,-1.56355
-3.05808,0.872261,2.22019,-1.69324
-3.37606,1.342,2.27251,-1.71788
-3.43459,1.38051,1.55078,-1.54695
-3.22455,0.958149,1.31283,-1.18889
-2.78319,0.5,0.9,-0.8
-2,-0.6,1.2,-0.6
-2.05464,-0.710606,2.00745,-1.56355
-2.20548,-0.543105,2.22019,-1.69324
-3.38819,1.44049,2.27251,-1.71788
-3.47508,1.27615,1.55078,-1.54695
-3.25807,1.02028,1.31283,-1.18889
-2.78319,0.5,0.9,-0.8
-2,-0.6,1.2,-0.6
-2.0914,-0.376262,1.66838,-1.13023
-2.54988,-0.0446001,1.76332,-1.30054
-3.05808,0.872261,2.34978,-1.98672
-3.59389,1.46425,2.22664,-2.06775
-3.39292,1.22591,1.50825,-1.41987
-2.78319,0.5,0.9,-0.8
-2,-0.6,1.2,-0.6
-1.97983,-0.643092,1.71235,-1.40773
-2.09368,-0.480165,2.13095,-2.07043
-2.827,0.73569,2.31809,-2.35257
-3.79664,1.80369,2.12371,-1.98802
-3.11096,0.896578,1.30916,-1.33721
-2.78319,0.5,0.9,-0.8
-2,-0.6,1.2,-0.6
-1.97983,-0.643092,1.71235,-1.40773
-2.09368,-0.480165,2.13095,-2.07043
-2.827,0.73569,2.31809,-2.35257
-3.79664,1.80369,2.12371,-1.98802
-3.11096,0.896578,1.30916,-1.33721
-2.78319,0.5,0.9,-0.8
-2,-0.6,1.2,-0.6
-2.38127,0.0374446,1.71235,-1.40773
-3.39661,1.52016,2.13095,-2.07043
-3.79664,1.80369,2.31809,-2.35257
-3.53489,1.44167,2.12371,-1.98802
-3.11096,0.896578,1.30916,-1.33721
-2.78319,0.5,0.9,-0.8
-2,-0.6,1.2,-0.6
-2.38127,0.0374446,1.71235,-1.40773
-3.39661,1.52016,2.13095,-2.07043
-3.79664,1.80369,2.31809,-2.35257
-3.53489,1.44167,2.12371,-1.98802
-3.11096,0.896578,1.30916,-1.33721
-2.78319,0.5,0.9,-0.8
-2,-0.6,1.2,-0.6
-2.09798,-0.533616,1.71235,-1.40773
-3.03293,0.828355,2.13095,-2.07043
-3.30427,1.18899,2.31809,-2.35257
-3.70274,1.71889,2.12371,-1.98802
-3.27499,0.991601,1.30916,-1.33721
-2.78319,0.5,0.9,-0.8
-2,-0.6,1.2,-0.6
-1.97059,-0.641013,1.71235,-1.40773
-2.47027,0.0240367,2.13095,-2.07043
-2.9748,0.702431,2.31809,-2.35257
-3.59299,1.81205,2.12371,-1.98802
-3.03309,0.73107,1.30916,-1.33721
-2.78319,0.5,0.9,-0.8
-2,-0.6,1.2,-0.6
-1.97983,-0.643092,1.71235,-1.40773
-2.09368,-0.480165,2.13095,-2.07043
-2.827,0.73569,2.31809,-2.35257
-3.79664,1.80369,2.12371,-1.98802
-3.18254,0.920692,1.30916,-1.33721
-2.78319,0.5,0.9,-0.8
-2,-0.6,1.2,-0.6
-1.97983,-0.643092,1.71235,-1.40773
-2.09368,-0.480165,2.13095,-2.07043
-2.827,0.73569,2.31809,-2.35257
-3.79664,1.80369,2.12371,-1.98802
-3.18254,0.920692,1.30916,-1.33721
-2.78319,0.5,0.9,-0.8
-2,-0.6,1.2,-0.6
-1.97246,-0.489739,1.71235,-1.40773
-2.64638,0.40893,2.13095,-2.07043
-3.29045,1.25984,2.31809,-2.35257
-3.48312,1.34165,2.12371,-1.98802
-3.29568,0.870145,1.30916,-1.33721
-2.78319,0.5,0.9,-0.8
-2,-0.6,1.2,-0.6
-2.20548,-0.543105,1.67388,-1.04725
-3.37589,1.46856,2.16142,-1.4359
-3.64884,1.64025,2.05727,-1.36825
-3.55758,1.34257,1.78792,-1.29125
-3.22455,0.958149,1.22786,-1.27283
-2.78319,0.5,0.9,-0.8
-2,-0.6,1.2,-0.6
-1.97669,-0.585716,1.67388,-1.04725
-3.19545,1.16397,2.16142,-1.4359
-3.42348,1.35669,2.05727,-1.36825
-3.4991,1.33962,1.78792,-1.29125
-3.59051,1.31828,1.22786,-1.27283
-2.78319,0.5,0.9,-0.8
-2,-0.6,1.2,-0.6
-2.10592,-0.373691,1.67388,-1.04725
-3.46538,1.59535,2.16142,-1.4359
-3.64884,1.64025,2.05727,-1.36825
-3.55758,1.34257,1.78792,-1.29125
-3.22455,0.958149,1.22786,-1.27283
-2.78319,0.5,0.9,-0.8
-2,-0.6,1.2,-0.6
-2.10592,-0.373691,1.67388,-1.04725
-3.46538,1.59535,2.16142,-1.4359
-3.64884,1.64025,2.05727,-1.36825
-3.55758,1.34257,1.78792,-1.29125
-3.22455,0.958149,1.22786,-1.27283
-2.78319,0.5,0.9,-0.8
-2,-0.6,1.2,-0.6
-2.10592,-0.373691,2.13095,-2.07043
-3.46538,1.59535,2.27705,-2.30917
-3.64884,1.64025,2.30008,-2.48814
-3.55758,1.34257,1.69584,-1.8176
-3.22455,0.958149,1.43827,-1.50209
-2.78319,0.5,0.9,-0.8
-2,-0.6,1.2,-0.6
-2.10592,-0.373691,2.13095,-2.07043
-3.46538,1.59535,2.27705,-2.30917
-3.64884,1.64025,2.30008,-2.48814
-3.55758,1.34257,1.69584,-1.8176
-3.22455,0.958149,1.43827,-1.50209
-2.78319,0.5,0.9,-0.8
-2,-0.6,1.2,-0.6
-1.97246,-0.489739,1.82288,-1.59334
-2.64638,0.40893,2.31186,-2.38054
-3.34746,1.11504,2.35251,-2.51195
-3.37019,1.27854,2.05695,-2.21414
-3.29568,0.870145,1.53158,-1.68732
-2.78319,0.5,0.9,-0.8
-2,-0.6,1.2,-0.6
-1.97246,-0.489739,1.82288,-1.59334
-2.64638,0.40893,2.31186,-2.38054
-3.34746,1.11504,2.35251,-2.51195
-3.37019,1.27854,2.05695,-2.21414
-3.29568,0.870145,1.53158,-1.68732
-2.78319,0.5,0.9,-0.8
-2,-0.6,1.2,-0.6
-1.97246,-0.489739,1.82288,-1.59334
-2.64638,0.40893,2.31186,-2.38054
-3.34746,1.11504,2.35251,-2.51195
-3.37019,1.27854,2.05695,-2.21414
-3.29568,0.870145,1.53158,-1.68732
-2.78319,0.5,0.9,-0.8
-2,-0.6,1.2,-0.6
-1.97983,-0.643092,1.67388,-1.04725
-2.08743,-0.366247,2.19186,-1.39899
-2.827,0.73569,2.05727,-1.36825
-3.79664,1.80369,1.78792,-1.29125
-3.18254,0.920692,1.26272,-1.21915
-2.78319,0.5,0.9,-0.8
-2,-0.6,1.2,-0.6
-1.97983,-0.643092,1.67388,-1.04725
-2.08743,-0.366247,2.19186,-1.39899
-2.827,0.73569,2.05727,-1.36825
-3.79664,1.80369,1.78792,-1.29125
-3.18254,0.920692,1.26272,-1.21915
-2.78319,0.5,0.9,-0.8
-2,-0.6,1.2,-0.6
-1.97983,-0.643092,2.13095,-2.07043
-2.08743,-0.366247,2.31186,-2.38054
-2.827,0.73569,2.35251,-2.51195
-3.79664,1.80369,2.31186,-2.38054
-3.18254,0.920692,1.57154,-1.80697
-2.78319,0.5,0.9,-0.8
-2,-0.6,1.2,-0.6
-1.97983,-0.643092,2.13095,-2.07043
-2.08743,-0.366247,2.31186,-2.38054
-2.827,0.73569,2.35251,-2.51195
-3.79664,1.80369,2.31186,-2.38054
-3.18254,0.920692,1.57154,-1.80697
-2.78319,0.5,0.9,-0.8
-2,-0.6,1.2,-0.6
-1.968,-0.551286,1.44819,-0.985337
-2.07702,-0.116818,2.10766,-2.05622
-3.38819,1.44049,2.35251,-2.51195
-3.47508,1.27615,1.72894,-1.80679
-3.25807,1.02028,1.28495,-1.30407
-2.78319,0.5,0.9,-0.8
-2,-0.6,1.2,-0.6
-1.968,-0.551286,1.44819,-0.985337
-2.07702,-0.116818,2.10766,-2.05622
-3.38819,1.44049,2.35251,-2.51195
-3.47508,1.27615,1.72894,-1.80679
-3.25807,1.02028,1.28495,-1.30407
-2.78319,0.5,0.9,-0.8
-2,-0.6,1.2,-0.6
-1.77856,-0.76186,1.44819,-0.985337
-2.41298,0.375499,2.10766,-2.05622
-3.33399,1.55677,2.35251,-2.51195
-3.55719,1.88058,1.72894,-1.80679
-3.18443,1.00743,1.28495,-1.30407
-2.78319,0.5,0.9,-0.8
-2,-0.6,1.2,-0.6
-2.01133,-0.524608,2.13095,-2.07043
-2.2914,-0.211086,2.37047,-2.37288
-3.55719,1.88058,2.35251,-2.51195
-3.62327,1.92087,2.07802,-2.25171
-3.17439,0.996056,1.69584,-1.8176
-2.78319,0.5,0.9,-0.8
-2,-0.6,1.2,-0.6
-2.69967,0.726969,1.68024,-1.13532
-2.99104,1.24907,1.76332,-1.30054
-3.78038,1.51703,2.34978,-1.98672
-3.51792,1.27731,2.22664,-2.06775
-3.17439,0.996056,1.5827,-1.37551
-2.78319,0.5,0.9,-0.8
-2,-0.6,1.2,-0.6
-2.69967,0.726969,1.68024,-1.13532
-2.99104,1.24907,1.76332,-1.30054
-3.78038,1.51703,2.34978,-1.98672
-3.51792,1.27731,2.22664,-2.06775
-3.17439,0.996056,1.5827,-1.37551
-2.78319,0.5,0.9,-0.8
-2,-0.6,1.2,-0.6
-2.04356,-0.554372,2.09285,-2.02815
-2.2119,-0.633776,2.45026,-2.50898
-3.46538,1.59535,2.18603,-2.43749
-3.64884,1.64025,1.85977,-2.08799
-3.55758,1.34257,1.13825,-1.12875
-2.78319,0.5,0.9,-0.8
-2,-0.6,1.2,-0.6
-2.14088,-0.610049,2.09285,-2.02815
-2.10012,-0.335841,2.45026,-2.50898
-3.25904,1.36549,2.18603,-2.43749
-3.55758,1.34257,1.85977,-2.08799
-3.22455,0.958149,1.13825,-1.12875
-2.78319,0.5,0.9,-0.8
-2,-0.6,1.2,-0.6
-2.14088,-0.610049,2.09285,-2.02815
-2.10012,-0.335841,2.45026,-2.50898
-3.25904,1.36549,2.18603,-2.43749
-3.55758,1.34257,1.85977,-2.08799
-3.22455,0.958149,1.13825,-1.12875
-2.78319,0.5,0.9,-0.8
-2,-0.6,1.2,-0.6
-1.97983,-0.643092,1.67388,-1.04725
-2.09368,-0.480165,2.19186,-1.39899
-2.80372,0.72842,2.05727,-1.36825
-3.93357,1.73823,1.78792,-1.29125
-3.27499,0.991601,1.26278,-1.3349
-2.78319,0.5,0.9,-0.8
-2,-0.6,1.2,-0.6
-1.97983,-0.643092,1.64993,-1.46379
-2.09368,-0.480165,2.02389,-2.19217
-2.80372,0.72842,2.13946,-2.6018
-3.93357,1.73823,1.66116,-1.7777
-3.27499,0.991601,1.30335,-1.30571
-2.78319,0.5,0.9,-0.8
-2,-0.6,1.2,-0.6
-2.09342,-0.421197,1.64993,-1.46379
-2.60655,0.64765,2.02389,-2.19217
-3.29267,1.15904,2.13946,-2.6018
-3.82044,1.85818,1.66116,-1.7777
-3.57211,1.39201,1.30335,-1.30571
-2.78319,0.5,0.9,-0.8
-2,-0.6,1.2,-0.6
-2.09342,-0.421197,1.25924,-0.576044
-2.60655,0.64765,2.3431,-1.72664
-3.29267,1.15904,2.06716,-1.86991
-3.82044,1.85818,1.69927,-1.64248
-3.57211,1.39201,1.17154,-1.08736
-2.78319,0.5,0.9,-0.8
-2,-0.6,1.2,-0.6
-1.90492,-0.610469,1.69479,-1.26767
-2.31385,0.0668054,2.35485,-1.71552
-3.75856,1.68312,2.34372,-1.74869
-3.53489,1.44167,1.93213,-1.50777
-3.11096,0.896578,1.1437,-0.986278
-2.78319,0.5,0.9,-0.8
-2,-0.6,1.2,-0.6
-2.05043,-0.535378,1.69479,-1.26767
-2.827,0.73569,2.35485,-1.71552
-3.93357,1.73823,2.34372,-1.74869
-3.2496,1.08366,1.93213,-1.50777
-3.24965,0.99857,1.1437,-0.986278
-2.78319,0.5,0.9,-0.8
-2,-0.6,1.2,-0.6
-1.97983,-0.643092,2.31373,-2.29294
-2.09368,-0.480165,2.30008,-2.48814
-2.827,0.73569,1.56293,-1.66182
-3.93357,1.73823,1.43827,-1.50209
-3.3186,0.869523,1.18668,-1.17521
-2.78319,0.5,0.9,-0.8
-2,-0.6,1.2,-0.6
-2.69967,0.726969,1.71235,-1.40773
-3.33399,1.55677,2.27705,-2.30917
-3.55719,1.88058,2.28648,-2.5128
-3.63275,1.88862,1.43827,-1.50209
-3.90371,1.64555,1.09407,-1.17154
-2.78319,0.5,0.9,-0.8
-2,-0.6,1.2,-0.6
-1.95102,-0.524237,2.13095,-2.07043
-3.07197,1.53148,2.28685,-2.1385
-3.95268,2.06721,2.35251,-2.51195
-3.49188,1.42474,1.69584,-1.8176
-3.19519,1.00477,1.28342,-1.36435
-2.78319,0.5,0.9,-0.8
-2,-0.6,1.2,-0.6
-2.39572,0.0189047,1.64586,-1.46809
-2.75987,0.430875,2.02389,-2.19217
-3.71419,1.71415,2.25413,-2.56268
-3.93357,1.73823,2.30521,-2.63233
-3.76005,1.44145,2.06785,-2.31607
-2.78319,0.5,0.9,-0.8
-2,-0.6,1.2,-0.6
-1.95102,-0.524237,2.13095,-2.07043
-2.361,0.467049,2.28685,-2.1385
-3.54326,1.87947,2.35251,-2.51195
-3.83134,1.90737,1.69584,-1.8176
-3.75042,1.73476,1.22786,-1.27283
-2.78319,0.5,0.9,-0.8
-2,-0.6,1.2,-0.6
-2.39572,0.0189047,2.13095,-2.07043
-2.75987,0.430875,2.28685,-2.1385
-3.56888,1.80321,2.35251,-2.51195
-3.93357,1.73823,1.69584,-1.8176
-3.27499,0.991601,1.22786,-1.27283
-2.78319,0.5,0.9,-0.8
-2,-0.6,1.2,-0.6
-2.39572,0.0189047,2.13095,-2.07043
-2.75987,0.430875,2.21378,-2.40966
-3.62311,1.6055,2.35251,-2.51195
-3.93357,1.73823,1.69584,-1.8176
-3.71412,1.30822,1.29876,-1.22517
-2.78319,0.5,0.9,-0.8
-2,-0.6,1.2,-0.6
-2.12216,-0.52539,1.50323,-1.09233
-2.04207,-0.30259,2.33926,-2.47333
-3.46538,1.59535,2.30008,-2.48814
-3.64884,1.64025,1.69584,-1.8176
-3.55758,1.34257,1.43827,-1.50209
-2.78319,0.5,0.9,-0.8
-2,-0.6,1.2,-0.6
-1.94168,-0.284567,1.50323,-1.09233
-2.44198,0.293335,2.33926,-2.47333
-2.91079,1.00991,2.30008,-2.48814
-3.63275,1.88862,1.69584,-1.8176
-3.45464,1.24255,1.43827,-1.50209
-2.78319,0.5,0.9,-0.8
-2,-0.6,1.2,-0.6
-2.16794,-0.472826,2.02389,-2.19217
-2.42967,-0.0342355,2.25413,-2.56268
-3.08125,0.973927,2.30521,-2.63233
-3.68329,1.46256,2.06785,-2.31607
-4.07981,1.844,1.69584,-1.8176
-2.78319,0.5,0.9,-0.8
-2,-0.6,1.2,-0.6
-2.10818,-0.315633,2.02389,-2.19217
-2.89966,0.624956,2.25413,-2.56268
-3.35866,1.40675,2.30521,-2.63233
-3.76488,2.00035,2.06785,-2.31607
-3.92028,2.28931,1.69584,-1.8176
-2.78319,0.5,0.9,-0.8
-2,-0.6,1.2,-0.6
-2.08224,-0.400749,2.02389,-2.19217
-3.15376,1.07658,2.25413,-2.56268
-4.26606,2.04512,2.30521,-2.63233
-3.4991,1.33962,2.06785,-2.31607
-3.39292,1.22591,1.69584,-1.8176
-2.78319,0.5,0.9,-0.8
-2,-0.6,1.2,-0.6
-2.09555,-0.518816,2.13095,-2.07043
-3.17056,1.10683,2.28685,-2.1385
-4.45142,1.83661,2.35251,-2.51195
-4.26606,2.04512,1.69584,-1.8176
-3.39292,1.22591,1.18858,-1.28192
-2.78319,0.5,0.9,-0.8
-2,-0.6,1.2,-0.6
-2.09555,-0.518816,2.13095,-2.07043
-3.17056,1.10683,2.28685,-2.1385
-4.45142,1.83661,2.35251,-2.51195
-4.26606,2.04512,1.69584,-1.8176
-3.39292,1.22591,1.18858,-1.28192
-2.78319,0.5,0.9,-0.8
-2,-0.6,1.2,-0.6
-2.0403,-0.39111,2.13095,-2.07043
-2.21394,-0.23409,2.28685,-2.1385
-3.17056,1.10683,2.35251,-2.51195
-4.45142,1.83661,1.69584,-1.8176
-3.39292,1.22591,1.18858,-1.28192
-2.78319,0.5,0.9,-0.8
-2,-0.6,1.2,-0.6
-2.0541,-0.505737,1.71391,-1.42286
-3.17056,1.10683,2.28685,-2.1385
-4.45142,1.83661,2.35251,-2.51195
-4.26606,2.04512,1.93692,-2.38975
-3.39292,1.22591,1.69584,-1.8176
-2.78319,0.5,0.9,-0.8
-2,-0.6,1.2,-0.6
-1.97246,-0.489739,2.09285,-2.02815
-2.64638,0.40893,2.43613,-2.49935
-3.29045,1.25984,1.36354,-1.35289
-3.37019,1.27854,1.25595,-1.18779
-3.25743,0.911729,1.13197,-1.11001
-2.78319,0.5,0.9,-0.8
-2,-0.6,1.2,-0.6
-1.97246,-0.489739,2.31186,-2.38054
-2.64638,0.40893,2.41748,-2.55695
-3.29045,1.25984,2.36354,-2.42613
-3.37019,1.27854,1.66116,-1.7777
-3.25743,0.911729,1.28495,-1.30407
-2.78319,0.5,0.9,-0.8
-2,-0.6,1.2,-0.6
-2.2216,-0.472525,2.31186,-2.38054
-2.38127,0.0374446,2.41748,-2.55695
-2.827,0.73569,2.36354,-2.42613
-3.53489,1.44167,1.66116,-1.7777
-3.11096,0.896578,1.28495,-1.30407
-2.78319,0.5,0.9,-0.8
-2,-0.6,1.2,-0.6
-2.2216,-0.472525,1.40726,-0.845671
-2.38127,0.0374446,1.80847,-1.3455
-2.827,0.73569,2.44274,-1.74883
-3.53489,1.44167,1.38338,-1.15713
-3.11096,0.896578,1.10569,-0.963902
-2.78319,0.5,0.9,-0.8
-2,-0.6,1.2,-0.6
-2.2216,-0.472525,1.76529,-1.13959
-2.38127,0.0374446,2.12932,-1.72216
-2.827,0.73569,2.24788,-1.73149
-3.53489,1.44167,1.18134,-1.23236
-3.11096,0.896578,1.12114,-1.0196
-2.78319,0.5,0.9,-0.8
-2,-0.6,1.2,-0.6
-2.2216,-0.472525,1.76529,-1.13959
-2.38127,0.0374446,2.12932,-1.72216
-2.827,0.73569,2.24788,-1.73149
-3.53489,1.44167,1.18134,-1.23236
-3.11096,0.896578,1.12114,-1.0196
-2.78319,0.5,0.9,-0.8
-2,-0.6,1.2,-0.6
-2.08224,-0.400749,1.50323,-1.09233
-3.15376,1.07658,2.44784,-2.49799
-4.45142,1.83661,2.30008,-2.48814
-4.60355,2.15695,1.69584,-1.8176
-4.40395,2.06121,1.43827,-1.50209
-2.78319,0.5,0.9,-0.8
-2,-0.6,1.2,-0.6
-0.812356,-2.13195,2.13095,-2.07043
1.09081,-3.56334,2.28685,-2.1385
1.79752,-4.12669,2.36975,-2.38996
2.33124,-4.56764,2.34739,-2.5379
2.67249,-4.72893,1.66116,-1.7777
3.5,-5.78319,0.9,-0.8
-2,-0.6,1.2,-0.6
-0.812356,-2.13195,2.13095,-2.07043
1.09081,-3.56334,2.28685,-2.1385
1.79752,-4.12669,2.36975,-2.38996
2.33124,-4.56764,2.34739,-2.5379
2.67249,-4.72893,1.66116,-1.7777
3.5,-5.78319,0.9,-0.8
-2,-0.6,1.2,-0.6
-1.37161,-1.5412,2.11916,-1.94033
-0.812356,-2.13195,2.40183,-2.56441
1.17975,-3.6804,2.10987,-2.26791
2.33124,-4.56764,1.7768,-1.916
2.61694,-4.85377,0.944512,-0.91537
3.5,-5.78319,0.9,-0.8
-2,-0.6,1.2,-0.6
-0.848745,-1.97932,1.34699,-0.855033
0.617397,-3.11074,2.53348,-2.11693
1.34439,-3.49181,2.10955,-1.80954
3.15971,-5.51,1.74489,-1.53095
3.35604,-5.66016,1.13325,-1.01415
3.5,-5.78319,0.9,-0.8
-2,-0.6,1.2,-0.6
-0.848745,-1.97932,2.04771,-1.87639
0.617397,-3.11074,2.3876,-2.51531
1.34439,-3.49181,2.09418,-2.07081
3.15971,-5.51,1.73262,-1.56989
3.35604,-5.66016,1.32741,-1.17397
3.5,-5.78319,0.9,-0.8
-2,-0.6,1.2,-0.6
-1.28487,-1.45828,2.04771,-1.87639
-0.410114,-2.269,2.3876,-2.51531
0.322376,-2.91339,2.09418,-2.07081
1.46962,-3.59002,1.73262,-1.56989
3.21207,-5.53713,1.32741,-1.17397
3.5,-5.78319,0.9,-0.8
-2,-0.6,1.2,-0.6
-1.28487,-1.45828,2.02389,-2.19217
-0.410114,-2.269,2.24004,-2.70112
0.322376,-2.91339,2.05811,-2.48557
1.46962,-3.59002,1.45014,-1.70571
3.21207,-5.53713,1.29876,-1.22517
3.5,-5.78319,0.9,-0.8
-2,-0.6,1.2,-0.6
-1.28487,-1.45828,2.50463,-1.80928
-0.410114,-2.269,2.24172,-2.05813
0.322376,-2.91339,1.75239,-1.72689
1.46962,-3.59002,1.14204,-1.1971
3.21207,-5.53713,1.02102,-0.998551
3.5,-5.78319,0.9,-0.8
-2,-0.6,1.2,-0.6
-1.28487,-1.45828,1.64993,-1.46379
-0.410114,-2.269,2.00509,-2.16241
0.322376,-2.91339,2.17317,-2.6727
1.46962,-3.59002,1.73981,-1.81708
3.21207,-5.53713,1.00683,-0.749254
3.5,-5.78319,0.9,-0.8
-2,-0.6,1.2,-0.6
-1.37161,-1.5412,2.02389,-2.19217
-0.191572,-2.57572,2.16459,-2.48601
2.33124,-4.56764,2.24004,-2.70112
2.84878,-5.1198,2.0076,-2.42647
3.18868,-5.42783,1.39415,-1.24359
3.5,-5.78319,0.9,-0.8
-2,-0.6,1.2,-0.6
-1.37161,-1.5412,1.49239,-0.818174
-0.191572,-2.57572,2.57428,-2.21936
2.33124,-4.56764,2.10955,-1.80954
2.84878,-5.1198,1.44439,-1.2513
3.18868,-5.42783,1.29876,-1.22517
3.5,-5.78319,0.9,-0.8
-2,-0.6,1.2,-0.6
-1.25205,-1.43834,1.49239,-0.818174
-0.410114,-2.269,2.57428,-2.21936
0.322376,-2.91339,2.10955,-1.80954
1.4548,-3.53852,1.44439,-1.2513
3.21207,-5.53713,1.29876,-1.22517
3.5,-5.78319,0.9,-0.8
-2,-0.6,1.2,-0.6
-1.25205,-1.43834,1.50323,-1.09233
-0.410114,-2.269,2.74282,-2.41423
0.322376,-2.91339,2.35251,-2.51195
1.4548,-3.53852,1.57499,-1.8606
3.21207,-5.53713,1.33243,-1.56186
3.5,-5.78319,0.9,-0.8
-2,-0.6,1.2,-0.6
-1.25205,-1.43834,1.59103,-1.16154
-0.410114,-2.269,2.74282,-2.41423
0.322376,-2.91339,2.35251,-2.51195
1.4548,-3.53852,1.69584,-1.8176
3.21207,-5.53713,1.22448,-1.21805
3.5,-5.78319,0.9,-0.8
-2,-0.6,1.2,-0.6
-1.30498,-1.47608,1.59103,-1.16154
-0.578891,-2.29807,2.74282,-2.41423
1.79752,-4.12669,2.35251,-2.51195
2.33124,-4.56764,1.69584,-1.8176
3.02113,-5.27827,1.22448,-1.21805
3.5,-5.78319,0.9,-0.8
-2,-0.6,1.2,-0.6
-1.22334,-1.64038,1.50323,-1.09233
-0.410114,-2.269,2.74282,-2.41423
2.60287,-4.4617,2.34739,-2.5379
3.0208,-5.17865,1.62466,-1.8054
3.21207,-5.53713,1.25982,-1.28079
3.5,-5.78319,0.9,-0.8
-2,-0.6,1.2,-0.6
-1.25205,-1.43834,1.50323,-1.09233
-0.410114,-2.269,2.74282,-2.41423
0.322376,-2.91339,2.34739,-2.5379
1.40753,-3.54431,1.62466,-1.8054
3.21207,-5.53713,1.25982,-1.28079
3.5,-5.78319,0.9,-0.8
-2,-0.6,1.2,-0.6
-1.25205,-1.43834,1.50323,-1.09233
-0.410114,-2.269,2.74282,-2.41423
0.322376,-2.91339,2.34739,-2.5379
1.40753,-3.54431,1.62466,-1.8054
3.21207,-5.53713,1.25982,-1.28079
3.5,-5.78319,0.9,-0.8
-2,-0.6,1.2,-0.6
-1.25205,-1.43834,1.50323,-1.09233
-0.410114,-2.269,2.74282,-2.41423
0.322376,-2.91339,2.34739,-2.5379
1.40753,-3.54431,1.62466,-1.8054
3.21207,-5.53713,1.25982,-1.28079
3.5,-5.78319,0.9,-0.8
-2,-0.6,1.2,-0.6
-1.38833,-1.46789,1.65395,-1.29246
-0.410114,-2.269,1.76529,-1.13959
2.60287,-4.4617,2.10416,-1.65177
3.14024,-5.27337,2.3876,-2.51531
3.21207,-5.53713,1.74222,-1.76601
3.5,-5.78319,0.9,-0.8
-2,-0.6,1.2,-0.6
-1.25205,-1.43834,1.65395,-1.29246
-0.410114,-2.269,1.76529,-1.13959
2.5772,-4.32579,2.10416,-1.65177
3.0208,-5.17865,2.3876,-2.51531
3.21207,-5.53713,1.74222,-1.76601
3.5,-5.78319,0.9,-0.8
-2,-0.6,1.2,-0.6
-1.25205,-1.43834,1.8082,-1.83509
-0.410114,-2.269,2.25893,-2.7647
2.5772,-4.32579,2.23815,-2.7881
3.0208,-5.17865,2.1356,-2.41775
3.21207,-5.53713,1.41695,-1.47144
3.5,-5.78319,0.9,-0.8
-2,-0.6,1.2,-0.6
-2.31227,0.505695,1.50323,-1.09233
-2.94606,1.75719,2.74282,-2.41423
-3.23227,2.39291,2.35251,-2.51195
-3.20712,2.12386,2.31186,-2.38054
-2.89051,0.822819,1.69584,-1.8176
-2.78319,0.5,0.9,-0.8
-2,-0.6,1.2,-0.6
-2.31227,0.505695,1.52039,-0.777933
-2.94606,1.75719,1.84817,-1.05846
-3.23227,2.39291,2.23735,-1.73662
-3.20712,2.12386,2.55542,-2.33769
-2.89051,0.822819,1.23166,-1.11694
-2.78319,0.5,0.9,-0.8
-2,-0.6,1.2,-0.6
-2.31227,0.505695,1.49239,-0.818174
-2.94606,1.75719,2.71514,-2.18297
-3.23227,2.39291,2.10955,-1.80954
-3.13025,2.05801,1.44439,-1.2513
-3.00406,0.883729,1.17011,-1.02286
-2.78319,0.5,0.9,-0.8
-2,-0.6,1.2,-0.6
-0.415572,-2.18185,1.49239,-0.818174
0.715066,-2.99156,2.71514,-2.18297
1.58622,-3.72745,2.10955,-1.80954
2.76035,-4.84056,1.44439,-1.2513
3.29934,-5.47907,1.17011,-1.02286
3.5,-5.78319,0.9,-0.8
-2,-0.6,1.2,-0.6
-1.58073,-1.0612,1.76529,-1.13959
0.130112,-2.68858,2.34735,-1.68876
2.04118,-4.062,2.60007,-1.84702
2.56684,-4.76165,2.16819,-1.48416
2.98982,-5.2207,1.53409,-1.14208
3.5,-5.78319,0.9,-0.8
-2,-0.6,1.2,-0.6
-1.25205,-1.43834,2.12932,-1.72216
-0.524079,-2.30564,2.25893,-2.7647
2.60287,-4.4617,2.05811,-2.48557
3.0208,-5.17865,1.70387,-2.1852
3.21207,-5.53713,1.13459,-1.32075
3.5,-5.78319,0.9,-0.8
-2,-0.6,1.2,-0.6
-1.45356,-1.67368,2.55542,-2.33769
-0.212722,-2.62911,2.28685,-2.1385
1.09081,-3.56334,2.35251,-2.51195
2.72296,-5.04342,1.69584,-1.8176
3.24444,-5.4289,1.22786,-1.27283
3.5,-5.78319,0.9,-0.8
-2,-0.6,1.2,-0.6
-1.12154,-1.44713,1.89873,-1.6661
0.246419,-2.64673,2.63717,-2.76981
0.715066,-2.99156,2.52288,-2.63212
2.04732,-4.0881,1.96223,-2.01538
3.00824,-5.11922,1.0411,-1.00619
3.5,-5.78319,0.9,-0.8
-2,-0.6,1.2,-0.6
-1.25205,-1.43834,1.61531,-0.976404
-0.410114,-2.269,2.16572,-1.32067
2.60287,-4.4617,2.24046,-1.42201
3.0208,-5.17865,2.47561,-1.56235
3.21207,-5.53713,1.31967,-1.0173
3.5,-5.78319,0.9,-0.8
-2,-0.6,1.2,-0.6
-1.25205,-1.43834,1.68908,-0.731207
-0.972648,-1.76902,1.9102,-0.784819
-0.410114,-2.269,2.14837,-0.950193
2.67682,-4.53685,2.15394,-1.70135
3.01941,-5.18964,1.09173,-1.00377
3.5,-5.78319,0.9,-0.8
-2,-0.6,1.2,-0.6
-0.322964,-2.19456,2.16572,-1.32067
0.630281,-3.07552,2.24046,-1.42201
1.58622,-3.72745,2.43344,-1.43715
2.76035,-4.84056,1.93857,-1.31218
3.29934,-5.47907,1.06382,-0.888168
3.5,-5.78319,0.9,-0.8
-2,-0.6,1.2,-0.6
-0.322964,-2.19456,2.16572,-1.32067
0.630281,-3.07552,2.24046,-1.42201
1.58622,-3.72745,2.43344,-1.43715
2.76035,-4.84056,1.93857,-1.31218
3.29934,-5.47907,1.06382,-0.888168
3.5,-5.78319,0.9,-0.8
-2,-0.6,1.2,-0.6
-0.322964,-2.19456,1.96858,-2.05058
0.630281,-3.07552,2.79083,-2.94097
1.58622,-3.72745,2.40183,-2.56441
2.76035,-4.84056,1.8228,-2.10652
3.29934,-5.47907,0.989842,-0.874541
3.5,-5.78319,0.9,-0.8
-2,-0.6,1.2,-0.6
-1.38835,-1.32694,1.65861,-1.34628
-0.760388,-1.99822,2.52285,-2.60042
0.571401,-2.93719,2.67632,-2.79202
1.70292,-3.95674,1.94289,-1.83009
2.49397,-4.72552,1.25982,-1.28079
3.5,-5.78319,0.9,-0.8
-2,-0.6,1.2,-0.6
-1.38835,-1.32694,1.84817,-1.05846
-0.760388,-1.99822,2.59596,-2.23798
0.571401,-2.93719,2.30521,-2.63233
1.70292,-3.95674,1.69584,-1.8176
2.49397,-4.72552,1.30662,-1.329
3.5,-5.78319,0.9,-0.8
-2,-0.6,1.2,-0.6
-1.38835,-1.32694,2.01777,-1.55158
-0.760388,-1.99822,2.66752,-2.35663
0.571401,-2.93719,2.84829,-2.7854
1.70292,-3.95674,2.62259,-2.80887
2.49397,-4.72552,2.35251,-2.51195
3.5,-5.78319,0.9,-0.8
-2,-0.6,1.2,-0.6
-0.322964,-2.19456,2.09285,-2.02815
0.715066,-2.99156,2.84662,-3.01136
1.58622,-3.72745,2.27507,-2.75816
2.40316,-4.49444,1.7768,-1.916
3.06927,-5.16773,1.0589,-1.09619
3.5,-5.78319,0.9,-0.8
-2,-0.6,1.2,-0.6
-0.322964,-2.19456,2.14465,-1.64188
0.715066,-2.99156,2.89065,-2.81781
1.58622,-3.72745,2.35251,-2.51195
2.40316,-4.49444,2.08189,-2.18444
3.06927,-5.16773,1.4636,-1.54125
3.5,-5.78319,0.9,-0.8
-2,-0.6,1.2,-0.6
-0.322964,-2.19456,2.14465,-1.64188
0.715066,-2.99156,2.89065,-2.81781
1.58622,-3.72745,2.35251,-2.51195
2.40316,-4.49444,2.08189,-2.18444
3.06927,-5.16773,1.22786,-1.27283
3.5,-5.78319,0.9,-0.8
-2,-0.6,1.2,-0.6
-2.04866,-0.597335,2.14465,-1.64188
-3.76488,2.00035,2.88146,-2.81756
-3.78851,2.1405,2.24004,-2.70112
-3.55719,1.88058,2.0076,-2.42647
-3.17439,0.996056,1.03494,-0.929796
-2.78319,0.5,0.9,-0.8
-2,-0.6,1.2,-0.6
-0.578891,-2.29807,1.71367,-1.67498
1.09081,-3.56334,2.57241,-2.89625
2.29645,-4.6227,2.79083,-2.94097
2.92414,-5.29107,2.66958,-2.80089
3.21207,-5.53713,1.31426,-1.2792
3.5,-5.78319,0.9,-0.8
-2,-0.6,1.2,-0.6
-0.322964,-2.19456,2.0181,-1.1661
0.715066,-2.99156,2.22334,-1.34471
1.58622,-3.72745,2.07921,-1.26797
2.29278,-4.40774,2.66902,-2.02251
3.06927,-5.16773,1.29876,-1.22517
3.5,-5.78319,0.9,-0.8
-2,-0.6,1.2,-0.6
-0.322964,-2.19456,2.74282,-2.41423
0.715066,-2.99156,2.79083,-2.94097
1.58622,-3.72745,2.30008,-2.48814
2.29278,-4.40774,1.70217,-1.84525
3.06927,-5.16773,1.43827,-1.50209
3.5,-5.78319,0.9,-0.8
-2,-0.6,1.2,-0.6
-1.34755,-1.1878,1.87787,-2.035
-0.695105,-1.77559,2.34395,-2.40213
-0.0785664,-2.40223,2.79083,-2.94097
0.60979,-2.95118,2.36301,-2.34021
2.52181,-4.51526,1.14221,-0.958143
3.5,-5.78319,0.9,-0.8
-2,-0.6,1.2,-0.6
-1.34755,-1.1878,1.50323,-1.09233
-0.695105,-1.77559,2.74282,-2.41423
-0.0785664,-2.40223,2.79083,-2.94097
0.60979,-2.95118,2.29781,-2.34008
2.52181,-4.51526,1.22786,-1.27283
3.5,-5.78319,0.9,-0.8
-2,-0.6,1.2,-0.6
-1.34755,-1.1878,1.59693,-1.13991
-0.695105,-1.77559,1.98687,-1.5457
-0.0785664,-2.40223,2.4169,-2.00023
0.60979,-2.95118,3.18524,-2.97329
2.52181,-4.51526,2.30438,-2.64345
3.5,-5.78319,0.9,-0.8
-2,-0.6,1.2,-0.6
-1.34755,-1.1878,1.50323,-1.09233
-0.695105,-1.77559,2.79083,-2.94097
-0.0785664,-2.40223,2.31186,-2.38054
0.60979,-2.95118,2.38454,-2.50902
2.52181,-4.51526,1.69584,-1.8176
3.5,-5.78319,0.9,-0.8
-2,-0.6,1.2,-0.6
-1.34755,-1.1878,2.60623,-2.76395
-0.695105,-1.77559,2.40183,-2.56441
-0.0785664,-2.40223,2.17733,-1.86583
0.60979,-2.95118,1.62466,-1.8054
2.52181,-4.51526,1.25982,-1.28079
3.5,-5.78319,0.9,-0.8
-2,-0.6,1.2,-0.6
-1.34755,-1.1878,2.79083,-2.94097
-0.695105,-1.77559,2.40183,-2.56441
-0.0785664,-2.40223,2.13247,-2.15013
0.60979,-2.95118,1.46339,-1.28003
2.52181,-4.51526,0.99349,-0.843134
3.5,-5.78319,0.9,-0.8
-2,-0.6,1.2,-0.6
-1.25205,-1.43834,2.09285,-2.02815
-0.393405,-2.31231,2.45026,-2.50898
0.322376,-2.91339,2.40939,-2.67085
1.40753,-3.54431,1.78786,-3.26036
3.29927,-5.73155,1.87856,-2.33335
3.5,-5.78319,0.9,-0.8
-2,-0.6,1.2,-0.6
-1.25205,-1.43834,1.53773,-0.646494
-0.276982,-2.27566,1.79462,-0.390333
2.60287,-4.4617,2.55155,-2.11219
3.0208,-5.17865,2.12932,-1.72216
3.21207,-5.53713,1.69584,-1.8176
3.5,-5.78319,0.9,-0.8
-2,-0.6,1.2,-0.6
-1.25205,-1.43834,2.04292,-1.90952
-0.410114,-2.269,2.78585,-3.28571
0.322376,-2.91339,1.70387,-2.1852
1.4314,-3.68272,1.34047,-1.84498
3.21207,-5.53713,1.13459,-1.32075
3.5,-5.78319,0.9,-0.8
-2,-0.6,1.2,-0.6
-0.322964,-2.19456,1.94999,-1.31702
0.715066,-2.99156,2.18797,-1.55006
1.58622,-3.72745,2.19713,-1.63469
2.40316,-4.49444,1.23964,-1.04222
3.01941,-5.18964,1.02155,-0.894798
3.5,-5.78319,0.9,-0.8
-2,-0.6,1.2,-0.6
-1.12154,-1.44713,1.13297,-0.10848
1.40086,-3.54273,0.593009,0.788191
2.58031,-4.6307,-0.0513463,0.924482
3.00824,-5.11922,0.0104323,0.784575
3.28344,-5.47415,0.641272,-0.34669
3.5,-5.78319,0.9,-0.8
-2,-0.6,1.2,-0.6
-0.322964,-2.19456,0.715045,0.505268
0.820017,-2.95906,0.320668,1.35431
1.58622,-3.72745,0.442278,2.91828
2.40316,-4.49444,0.833381,4.35721
3.06927,-5.16773,0.864387,5.19655
3.5,-5.78319,0.9,5.48319
-2,-0.6,1.2,-0.6
-0.322964,-2.19456,1.08358,-0.182713
0.820017,-2.95906,0.479635,0.30217
1.58622,-3.72745,0.285114,0.617255
2.40316,-4.49444,0.214117,0.0317214
3.06927,-5.16773,0.293105,-0.146919
3.5,-5.78319,0.9,-0.8
-2,-0.6,1.2,-0.6
-1.22022,-1.39419,0.998276,-0.470063
-0.410114,-2.269,0.796553,-0.340126
0.322376,-2.91339,0.364267,-0.0945534
1.40753,-3.54431,0.293504,0.0327453
3.27025,-5.63565,0.567421,-0.337618
3.5,-5.78319,0.9,-0.8
-2,-0.6,1.2,-0.6
-1.25205,-1.43834,1.08358,-0.182713
-0.410114,-2.269,0.479635,0.30217
2.60287,-4.4617,0.285114,0.617255
2.89976,-5.03519,0.214117,0.0317214
3.21207,-5.53713,0.293105,-0.146919
3.5,-5.78319,0.9,-0.8
-2,-0.6,1.2,-0.6
-1.12154,-1.44713,0.999721,-0.300353
0.246419,-2.64673,0.488584,0.407027
0.715066,-2.99156,0.314123,0.620083
2.40316,-4.49444,0.415588,0.20212
3.06927,-5.16773,0.641272,-0.34669
3.5,-5.78319,0.9,-0.8
-2,-0.6,1.2,-0.6
-1.12154,-1.44713,0.817172,0.466953
0.246419,-2.64673,0.442668,0.87833
0.715066,-2.99156,0.312218,1.20754
2.40316,-4.49444,0.135851,0.729559
3.06927,-5.16773,0.649422,0.0104793
3.5,-5.78319,0.9,-0.8
-2,-0.6,1.2,-0.6
-1.12154,-1.44713,0.788066,0.00116056
0.246419,-2.64673,0.285114,0.617255
0.715066,-2.99156,0.668082,-0.34316
2.40316,-4.49444,0.409881,-0.197562
3.06927,-5.16773,0.668221,-0.664047
3.5,-5.78319,0.9,-0.8
-2,-0.6,1.2,-0.6
-1.12154,-1.44713,0.849422,0.143813
0.246419,-2.64673,0.498844,0.887625
0.715066,-2.99156,0.312218,1.20754
2.40316,-4.49444,0.262715,0.827314
3.06927,-5.16773,0.649422,0.0104793
3.5,-5.78319,0.9,-0.8
-2,-0.6,1.2,-0.6
-1.34755,-1.1878,0.179948,1.56916
-0.695105,-1.77559,0.221687,1.93519
-0.0785664,-2.40223,0.640215,3.89112
0.60979,-2.95118,0.719394,4.1356
2.5727,-4.60419,0.832809,4.85837
3.5,-5.78319,0.9,5.48319
-2,-0.6,1.2,-0.6
-1.34755,-1.1878,1.08358,-0.182713
-0.695105,-1.77559,0.479635,0.30217
-0.0785664,-2.40223,0.285114,0.617255
0.60979,-2.95118,0.214117,0.0317214
2.5727,-4.60419,0.293105,-0.146919
3.5,-5.78319,0.9,-0.8
-2,-0.6,1.2,-0.6
-1.34755,-1.1878,0.629129,0.609938
-0.695105,-1.77559,0.272346,1.68632
-0.0785664,-2.40223,0.250279,2.28576
0.60979,-2.95118,0.640215,3.89112
2.5727,-4.60419,0.839022,4.88192
3.5,-5.78319,0.9,5.48319
-2,-0.6,1.2,-0.6
-0.940664,-1.88864,0.851252,0.460931
0.250189,-2.69672,0.498844,0.887625
1.09081,-3.56334,0.312218,1.20754
2.33124,-4.56764,0.398844,0.820959
2.97215,-5.24261,0.720966,0.213117
3.5,-5.78319,0.9,-0.8
-2,-0.6,1.2,-0.6
-1.25205,-1.43834,0.191634,1.62448
-0.410114,-2.269,0.327743,2.54322
0.322376,-2.91339,0.638986,3.90239
1.40753,-3.54431,0.797744,4.73598
3.46584,-5.87639,0.868575,5.19533
3.5,-5.78319,0.9,5.48319
-2,-0.6,1.2,-0.6
0.0296868,-2.67431,0.3483,1.52026
1.2724,-3.71454,0.442278,2.91828
2.35099,-4.50949,0.689132,3.94166
3.3181,-5.59317,0.778414,4.34084
3.42444,-5.70431,0.772632,4.67894
3.5,-5.78319,0.9,5.48319
-2,-0.6,1.2,-0.6
-1.81297,-0.829528,1.12182,-0.654233
-0.146286,-2.62812,0.887296,-0.816934
1.17059,-3.51046,0.603031,-0.774621
2.92414,-5.29107,0.788955,-0.884418
3.21207,-5.53713,0.628004,-0.365446
3.5,-5.78319,0.9,-0.8
-2,-0.6,1.2,-0.6
-0.322964,-2.19456,0.3483,1.52026
1.46606,-3.75876,0.442278,2.91828
2.76035,-4.84056,0.689132,3.94166
3.06927,-5.16773,0.778414,4.34084
3.29934,-5.47907,0.772632,4.67894
3.5,-5.78319,0.9,5.48319
-2,-0.6,1.2,-0.6
-0.322964,-2.19456,0.3483,1.52026
1.46606,-3.75876,0.442278,2.91828
2.76035,-4.84056,0.689132,3.94166
3.06927,-5.16773,0.778414,4.34084
3.29934,-5.47907,0.772632,4.67894
3.5,-5.78319,0.9,5.48319
-2,-0.6,1.2,-0.6
-1.22294,-1.42998,0.3483,1.52026
0.156634,-2.5875,0.442278,2.91828
1.37785,-3.65575,0.689132,3.94166
2.23352,-4.36154,0.778414,4.34084
2.9285,-5.18498,0.772632,4.67894
3.5,-5.78319,0.9,5.48319
-2,-0.6,1.2,-0.6
-1.25205,-1.43834,0.629129,0.609938
1.09081,-3.56334,0.272346,1.68632
1.79752,-4.12669,0.250279,2.28576
2.33124,-4.56764,0.640215,3.89112
2.61694,-4.85377,0.839022,4.88192
3.5,-5.78319,0.9,5.48319
-2,-0.6,1.2,-0.6
-1.45356,-1.67368,1.00855,-0.0616565
1.09081,-3.56334,0.812319,0.490917
2.08329,-4.49272,0.289328,2.0946
2.92414,-5.29107,0.766517,4.32428
3.21207,-5.53713,0.849577,4.96115
3.5,-5.78319,0.9,5.48319
-2,-0.6,1.2,-0.6
-0.322964,-2.19456,1.13297,-0.10848
0.957943,-2.91336,0.593009,0.788191
1.58622,-3.72745,-0.0513463,0.924482
3.06927,-5.16773,0.0104323,0.784575
3.29934,-5.47907,0.641272,-0.34669
3.5,-5.78319,0.9,-0.8
-2,-0.6,1.2,-0.6
0.715066,-2.99156,0.718698,0.388452
1.58622,-3.72745,0.250279,2.28576
2.76035,-4.84056,0.640215,3.89112
3.06927,-5.16773,0.793534,4.33
3.29934,-5.47907,0.822305,4.905
3.5,-5.78319,0.9,5.48319
-2,-0.6,1.2,-0.6
0.715066,-2.99156,0.272346,1.68632
1.58622,-3.72745,0.250279,2.28576
2.76035,-4.84056,0.640215,3.89112
3.06927,-5.16773,0.719394,4.1356
3.29934,-5.47907,0.787468,4.30959
3.5,-5.78319,0.9,5.48319
-2,-0.6,1.2,-0.6
-1.58394,-1.08697,0.191634,1.62448
-1.19219,-1.54896,0.327743,2.54322
-1.01694,-1.84097,0.638986,3.90239
0.839664,-3.56911,0.797744,4.73598
2.56684,-4.76165,0.868575,5.19533
3.5,-5.78319,0.9,5.48319
-2,-0.6,1.2,-0.6
-1.02366,-1.58296,0.811913,0.463682
-0.126569,-2.40728,0.414677,1.33305
0.909538,-3.18516,0.263378,1.6639
1.79666,-4.05022,0.314677,1.26638
2.64833,-4.9167,0.542798,0.215983
3.5,-5.78319,0.9,-0.8
-2,-0.6,1.2,-0.6
-1.01674,-1.57936,1.13297,-0.10848
-0.348565,-2.13771,0.625972,0.786206
0.496276,-2.92509,-0.0513463,0.924482
1.30287,-3.67542,0.0104323,0.784575
2.16386,-4.32277,0.965349,-0.754865
3.5,-5.78319,0.9,-0.8
-2,-0.6,1.2,-0.6
-1.01674,-1.57936,1.13297,-0.10848
-0.348565,-2.13771,0.625972,0.786206
0.496276,-2.92509,-0.0513463,0.924482
1.30287,-3.67542,0.0104323,0.784575
2.16386,-4.32277,0.965349,-0.754865
3.5,-5.78319,0.9,-0.8
-2,-0.6,1.2,-0.6
-1.01674,-1.57936,0.788066,0.00116056
-0.348565,-2.13771,0.285114,0.617255
0.496276,-2.92509,0.668082,-0.34316
1.30287,-3.67542,0.558098,-0.416415
2.16386,-4.32277,0.965349,-0.754865
3.5,-5.78319,0.9,-0.8
-2,-0.6,1.2,-0.6
-1.11496,-1.44965,0.3483,1.52026
0.156634,-2.5875,0.327916,1.91663
1.37785,-3.65575,0.803376,4.22387
2.23352,-4.36154,0.892762,4.96342
2.9285,-5.18498,0.916728,5.29806
3.5,-5.78319,0.9,5.48319
-2,-0.6,1.2,-0.6
0.246419,-2.64673,0.998276,-0.470063
0.715066,-2.99156,0.796553,-0.340126
1.58622,-3.72745,0.364267,-0.0945534
2.37366,-4.52279,0.293504,0.0327453
2.95177,-5.20717,0.567421,-0.337618
3.5,-5.78319,0.9,-0.8
-2,-0.6,1.2,-0.6
0.246419,-2.64673,0.788066,0.00116056
0.715066,-2.99156,0.285114,0.617255
1.58622,-3.72745,0.668082,-0.34316
2.37366,-4.52279,0.558098,-0.416415
2.95177,-5.20717,0.965349,-0.754865
3.5,-5.78319,0.9,-0.8
-2,-0.6,1.2,-0.6
-0.522345,-1.83897,0.715045,0.505268
0.72287,-2.8951,0.320668,1.35431
1.25134,-3.38515,0.442278,2.91828
1.67168,-3.53756,0.833381,4.35721
3.06927,-5.16773,0.864387,5.19655
3.5,-5.78319,0.9,5.48319
-2,-0.6,1.2,-0.6
-0.52408,-1.88126,0.179948,1.56916
1.58622,-3.72745,0.221687,1.93519
2.40316,-4.49444,0.640215,3.89112
2.76035,-4.84056,0.719394,4.1356
3.06927,-5.16773,0.832809,4.85837
3.5,-5.78319,0.9,5.48319
-2,-0.6,1.2,-0.6
1.38601,-3.5252,0.801139,-0.000282416
2.04732,-4.0881,0.461667,0.484168
2.58031,-4.6307,0.255177,0.754111
3.04922,-5.02941,0.13859,0.853308
3.28344,-5.47415,0.419223,0.161565
3.5,-5.78319,0.9,-0.8
-2,-0.6,1.2,-0.6
-1.58164,-1.00681,0.811913,0.463682
0.156634,-2.5875,0.239442,1.24958
1.46962,-3.59002,0.208921,1.7542
2.40491,-4.61085,0.314677,1.26638
3.44694,-5.76647,0.542798,0.215983
3.5,-5.78319,0.9,-0.8
-2,-0.6,1.2,-0.6
-1.02366,-1.58296,0.817172,0.466953
0.0174983,-2.59729,0.442668,0.87833
2.66858,-4.76775,0.312218,1.20754
2.992,-5.25301,0.135851,0.729559
3.2522,-5.52113,0.649422,0.0104793
3.5,-5.78319,0.9,-0.8
-2,-0.6,1.2,-0.6
-0.755138,-1.72406,1.22666,-0.795702
-0.179825,-2.12426,0.827069,-0.804997
0.60979,-2.95118,0.754106,-0.852475
2.40316,-4.49444,0.82233,-0.944648
3.06927,-5.16773,0.789402,-0.870726
3.5,-5.78319,0.9,-0.8
-2,-0.6,1.2,-0.6
-0.812356,-2.13195,0.718698,0.388452
0.135928,-2.88062,0.250279,2.28576
1.09081,-3.56334,0.640215,3.89112
2.97109,-5.37464,0.793534,4.33
3.16571,-5.66879,0.822305,4.905
3.5,-5.78319,0.9,5.48319
-2,-0.6,1.2,-0.6
-0.812356,-2.13195,1.04365,-0.708467
0.135928,-2.88062,0.887296,-0.816934
1.09081,-3.56334,0.788955,-0.884418
2.97109,-5.37464,0.741572,-0.877544
3.16571,-5.66879,0.668221,-0.664047
3.5,-5.78319,0.9,-0.8
-2,-0.6,1.2,-0.6
-1.51588,-1.08952,0.664228,0.684713
-0.60056,-2.01104,0.223311,1.94553
0.0174983,-2.59729,0.327743,2.54322
2.64833,-4.9167,0.638986,3.90239
3.02686,-5.30023,0.797744,4.73598
3.5,-5.78319,0.9,5.48319
-2,-0.6,1.2,-0.6
-1.51588,-1.08952,0.788066,0.00116056
-0.60056,-2.01104,0.285114,0.617255
0.0174983,-2.59729,0.668082,-0.34316
2.64833,-4.9167,0.409881,-0.197562
3.02686,-5.30023,0.668221,-0.664047
3.5,-5.78319,0.9,-0.8
-2,-0.6,1.2,-0.6
-1.34465,-1.35657,0.817172,0.466953
-0.151007,-2.28888,0.442668,0.87833
1.03084,-3.44469,0.312218,1.20754
2.109,-4.38874,0.135851,0.729559
2.44312,-4.67891,0.649422,0.0104793
3.5,-5.78319,0.9,-0.8
-2,-0.6,1.2,-0.6
-1.10304,-1.52127,0.664228,0.684713
-0.0774524,-2.33903,0.223311,1.94553
0.909538,-3.18516,0.327743,2.54322
1.79666,-4.05022,0.638986,3.90239
2.64833,-4.9167,0.797744,4.73598
3.5,-5.78319,0.9,5.48319
-2,-0.6,1.2,-0.6
-1.10304,-1.52127,0.629129,0.609938
-0.0774524,-2.33903,0.272346,1.68632
0.909538,-3.18516,0.250279,2.28576
1.79666,-4.05022,0.640215,3.89112
2.64833,-4.9167,0.644417,4.21048
3.5,-5.78319,0.9,5.48319
-2,-0.6,1.2,-0.6
-1.17428,-1.36886,0.796553,-0.340126
-0.56014,-2.19639,0.553594,-0.199618
0.496276,-2.92509,0.393105,-0.0802524
1.30287,-3.67542,0.480387,0.0320105
2.02559,-4.33801,0.628004,-0.365446
3.5,-5.78319,0.9,-0.8
-2,-0.6,1.2,-0.6
-1.17428,-1.36886,0.998276,-0.470063
-0.56014,-2.19639,0.796553,-0.340126
0.496276,-2.92509,0.214117,0.0317214
1.30287,-3.67542,0.293105,-0.146919
2.02559,-4.33801,0.563558,-0.443807
3.5,-5.78319,0.9,-0.8
-2,-0.6,1.2,-0.6
-0.755138,-1.72406,0.988246,-0.462603
-0.179825,-2.12426,0.796553,-0.340126
0.60979,-2.95118,0.666138,-0.256924
2.34027,-4.45605,0.293105,-0.146919
3.03945,-5.20765,0.479835,-0.385089
3.5,-5.78319,0.9,-0.8
-2,-0.6,1.2,-0.6
-1.01834,-1.46125,0.498844,0.887625
-0.0366725,-2.32249,0.312218,1.20754
0.909538,-3.18516,0.398844,0.820959
2.11955,-4.2196,0.59337,0.29558
2.93368,-5.16237,0.596553,-0.47346
3.5,-5.78319,0.9,-0.8
-2,-0.6,1.2,-0.6
-1.34755,-1.1878,0.796553,-0.340126
-0.0366725,-2.32249,0.553594,-0.199618
0.850962,-3.32434,0.393105,-0.0802524
2.11955,-4.2196,0.480387,0.0320105
3.01941,-5.18964,0.628004,-0.365446
3.5,-5.78319,0.9,-0.8
-2,-0.6,1.2,-0.6
-1.37161,-1.5412,1.12257,-0.508426
-0.812356,-2.13195,0.874639,-0.20595
1.21336,-3.75761,0.735811,-0.0340728
2.92414,-5.29107,0.658221,0.100692
3.1985,-5.76269,0.744974,-0.330579
3.5,-5.78319,0.9,-0.8
-2,-0.6,1.2,-0.6
-1.67378,-0.893898,1.54953,-0.875947
-1.34755,-1.1878,1.76529,-1.13959
-1.0909,-1.42404,2.30047,-2.49686
2.1279,-4.23186,2.3876,-2.51531
3.00095,-5.10489,1.74222,-1.76601
3.5,-5.78319,0.9,-0.8
-2,-0.6,1.2,-0.6
-0.522345,-1.83897,2.0181,-1.1661
1.58622,-3.72745,2.07921,-1.26797
2.00702,-4.12089,0.947105,-0.953274
2.40316,-4.49444,1.09876,-1.44794
3.29934,-5.47907,1.02585,-1.18682
3.5,-5.78319,0.9,-0.8
-2,-0.6,1.2,-0.6
-1.01834,-1.46125,1.30118,-0.818168
-0.0774524,-2.33903,1.5697,-1.26764
0.879567,-3.0922,1.14075,-0.983858
1.79666,-4.05022,1.10001,-1.08928
2.64833,-4.9167,0.485662,-1.22326
3.5,-5.78319,0.9,-0.8
-2,-0.6,1.2,-0.6
-1.01834,-1.46125,1.12257,-0.508426
-0.0774524,-2.33903,0.874639,-0.20595
0.879567,-3.0922,0.735811,-0.0340728
1.79666,-4.05022,0.658221,0.100692
2.64833,-4.9167,0.744974,-0.330579
3.5,-5.78319,0.9,-0.8
-2,-0.6,1.2,-0.6
-1.01834,-1.46125,1.04506,-0.706585
-0.0774524,-2.33903,0.831511,-0.792014
0.879567,-3.0922,0.787296,-0.8836
1.79666,-4.05022,0.862432,-0.827867
2.64833,-4.9167,0.881216,-0.813933
3.5,-5.78319,0.9,-0.8
-2,-0.6,1.2,-0.6
-1.01834,-1.46125,0.810535,-0.381684
-0.0366725,-2.32249,0.71166,-0.377038
0.909538,-3.18516,0.628004,-0.365446
1.79666,-4.05022,0.711253,-0.540904
2.64833,-4.9167,0.81222,-0.675679
3.5,-5.78319,0.9,-0.8
-2,-0.6,1.2,-0.6
-1.01834,-1.46125,0.498844,0.887625
-0.0366725,-2.32249,0.204751,1.18539
0.909538,-3.18516,0.796553,-0.340126
1.72522,-3.98863,0.553594,-0.199618
2.64833,-4.9167,0.77507,-0.338435
3.5,-5.78319,0.9,-0.8
-2,-0.6,1.2,-0.6
-1.01834,-1.46125,1.05489,-0.720561
-0.0366725,-2.32249,0.615859,-0.581571
0.909538,-3.18516,0.596553,-0.47346
1.72522,-3.98863,0.660972,-0.527677
2.64833,-4.9167,0.780486,-0.663838
3.5,-5.78319,0.9,-0.8
-2,-0.6,1.2,-0.6
-1.17428,-1.36886,1.15724,-0.538565
-0.276598,-2.17968,1.11392,-0.468031
1.99542,-4.3259,1.2122,-0.423425
3.15705,-5.29992,0.963918,-0.568031
3.32748,-5.56282,0.932236,-0.688565
3.5,-5.78319,0.9,-0.8
-2,-0.6,1.2,-0.6
-2.12838,-0.475415,1.17068,-0.620338
-2.05043,-0.535378,1.12182,-0.654233
-2.827,0.73569,1.00592,-0.734806
-3.97839,1.45579,0.815594,-0.865661
-3.84899,1.57245,0.830354,-0.851192
-2.78319,0.5,0.9,-0.8
-2,-0.6,1.2,-0.6
-1.01674,-1.57936,0.908126,-0.348104
-0.0776106,-2.57115,0.214117,0.0317214
1.84478,-4.54231,0.603031,-0.774621
3.67811,-6.27004,0.788955,-0.884418
3.53447,-5.88578,0.596553,-0.47346
3.5,-5.78319,0.9,-0.8
-2,-0.6,1.2,-0.6
-0.983727,-1.62913,1.17068,-0.620338
-0.0776106,-2.57115,1.12182,-0.654233
1.84478,-4.54231,1.00592,-0.734806
3.67811,-6.27004,0.815594,-0.865661
3.58906,-6.02661,0.830354,-0.851192
3.5,-5.78319,0.9,-0.8
-2,-0.6,1.2,-0.6
-1.01674,-1.57936,1.12182,-0.654233
-0.0776106,-2.57115,1.04365,-0.708467
1.84478,-4.54231,0.862142,-0.825703
3.67811,-6.27004,0.887296,-0.816934
3.58906,-6.02661,0.596553,-0.47346
3.5,-5.78319,0.9,-0.8
-2,-0.6,1.2,-0.6
-1.01674,-1.57936,0.877337,-0.336087
-0.0776106,-2.57115,0.356009,0.0691087
1.84478,-4.54231,0.424612,-0.234323
3.67811,-6.27004,0.71867,-0.510297
3.58906,-6.02661,0.809335,-0.655149
3.5,-5.78319,0.9,-0.8
-2,-0.6,1.2,-0.6
-1.01674,-1.57936,1.6048,-1.16709
-0.0776106,-2.57115,1.84702,-1.723
1.84478,-4.54231,1.56332,-1.43387
3.67811,-6.27004,1.34221,-1.22258
3.58906,-6.02661,1.12111,-1.01129
3.5,-5.78319,0.9,-0.8
-2,-0.6,1.2,-0.6
-1.01674,-1.57936,1.15724,-0.538565
-0.043926,-2.58314,1.11392,-0.468031
1.84478,-4.54231,1.2122,-0.423425
3.67811,-6.27004,0.963918,-0.568031
3.58906,-6.02661,0.932236,-0.688565
3.5,-5.78319,0.9,-0.8
-2,-0.6,1.2,-0.6
-2.38127,0.0374446,0.998276,-0.470063
-3.40322,1.40582,0.393105,-0.0802524
-3.45637,1.55321,0.262188,0.0554739
-3.11096,0.896578,0.293105,-0.146919
-2.9247,0.666381,0.565538,-0.443055
-2.78319,0.5,0.9,-0.8
-2,-0.6,1.2,-0.6
-1.02366,-1.58296,1.12182,-0.654233
0.0174983,-2.59729,0.887296,-0.816934
2.55352,-4.84558,0.603031,-0.774621
2.992,-5.25301,0.788955,-0.884418
3.05778,-5.99495,0.628004,-0.365446
3.5,-5.78319,0.9,-0.8
-2,-0.6,1.2,-0.6
-1.02366,-1.58296,1.05489,-0.720561
0.0174983,-2.59729,0.615859,-0.581571
2.55352,-4.84558,0.596553,-0.47346
2.992,-5.25301,0.660972,-0.527677
3.05778,-5.99495,0.780486,-0.663838
3.5,-5.78319,0.9,-0.8
-2,-0.6,1.2,-0.6
-2.58476,0.290072,0.398844,0.820959
-2.85584,0.604699,0.233657,0.519547
-4.26606,2.04512,0.268142,0.00682371
-3.4991,1.33962,0.293105,-0.146919
-3.05635,0.95861,0.565538,-0.443055
-2.78319,0.5,0.9,-0.8
-2,-0.6,1.2,-0.6
-2.58476,0.290072,0.796553,-0.340126
-2.85584,0.604699,0.393105,-0.0802524
-4.26606,2.04512,0.293105,-0.146919
-3.4991,1.33962,0.640585,-0.880868
-3.05635,0.95861,0.881216,-0.813933
-2.78319,0.5,0.9,-0.8
-2,-0.6,1.2,-0.6
-2.15912,-0.0446135,0.796553,-0.340126
-2.85584,0.604699,0.553594,-0.199618
-4.26606,2.04512,0.393105,-0.0802524
-3.4991,1.33962,0.480387,0.0320105
-3.39292,1.22591,0.628004,-0.365446
-2.78319,0.5,0.9,-0.8
-2,-0.6,1.2,-0.6
-0.761159,-2.71137,0.498844,0.887625
-0.135752,-3.81849,0.312218,1.20754
1.62076,-6.11131,0.398844,0.820959
2.10328,-6.12007,0.59337,0.29558
2.95597,-5.78226,0.596553,-0.47346
3.5,-5.78319,0.9,-0.8
-2,-0.6,1.2,-0.6
-0.997672,-1.93435,0.998276,-0.470063
0.388431,-4.43407,0.796553,-0.340126
1.47708,-5.84051,0.214117,0.0317214
2.22176,-6.1618,0.293105,-0.146919
3.2522,-5.52113,0.563558,-0.443807
3.5,-5.78319,0.9,-0.8
-2,-0.6,1.2,-0.6
-1.38058,-1.65569,1.21908,-0.990215
-0.761159,-2.71137,1.03286,-1.63721
1.06792,-5.60924,0.956203,-2.08178
1.57762,-6.22604,0.5236,-2.41577
2.56038,-5.94725,0.661237,-1.72974
3.5,-5.78319,0.9,-0.8
-2,-0.6,1.2,-0.6
-1.38058,-1.65569,1.03796,-0.766088
-0.761159,-2.71137,0.984763,-1.05481
1.06792,-5.60924,0.934646,-1.12645
1.57762,-6.22604,0.909763,-1.10481
2.56038,-5.94725,0.902904,-1.01653
3.5,-5.78319,0.9,-0.8
-2,-0.6,1.2,-0.6
-0.351533,-3.54014,0.908126,-0.348104
0.145605,-4.37267,0.214117,0.0317214
0.55478,-5.14134,0.603031,-0.774621
1.13324,-5.7013,0.788955,-0.884418
2.21237,-5.60215,0.596553,-0.47346
3.5,-5.78319,0.9,-0.8
-2,-0.6,1.2,-0.6
-1.42589,-1.62737,1.17068,-0.620338
-0.866858,-2.62105,1.12182,-0.654233
-0.351533,-3.54014,1.00592,-0.734806
0.0602354,-4.47763,0.815594,-0.865661
0.55478,-5.14134,0.830354,-0.851192
3.5,-5.78319,0.9,-0.8
-2,-0.6,1.2,-0.6
-1.42589,-1.62737,0.902377,0.236309
-0.866858,-2.62105,0.498844,0.887625
-0.351533,-3.54014,0.312218,1.20754
0.0602354,-4.47763,0.398844,0.820959
0.55478,-5.14134,0.817619,-0.643644
3.5,-5.78319,0.9,-0.8
-2,-0.6,1.2,-0.6
-1.42589,-1.62737,0.796553,-0.340126
-0.866858,-2.62105,0.553594,-0.199618
-0.351533,-3.54014,0.393105,-0.0802524
0.0602354,-4.47763,0.480387,0.0320105
0.55478,-5.14134,0.628004,-0.365446
3.5,-5.78319,0.9,-0.8
-2,-0.6,1.2,-0.6
-2.39003,-0.249562,1.03796,-0.766088
-2.9748,0.702431,0.984763,-1.05481
-3.79977,1.48092,0.934646,-1.12645
-3.84899,1.57245,0.909763,-1.10481
-3.27499,0.991601,0.902904,-1.01653
-2.78319,0.5,0.9,-0.8
-2,-0.6,1.2,-0.6
-0.997672,-1.93435,0.810535,-0.381684
0.145605,-4.37267,0.71166,-0.377038
0.684771,-5.1837,0.628004,-0.365446
1.13324,-5.7013,0.711253,-0.540904
2.23043,-5.82016,0.81222,-0.675679
3.5,-5.78319,0.9,-0.8
-2,-0.6,1.2,-0.6
-0.997672,-1.93435,1.12647,-0.653803
0.145605,-4.37267,1.04506,-0.706585
0.684771,-5.1837,0.827069,-0.804997
1.13324,-5.7013,0.835303,-0.931006
2.23043,-5.82016,0.834118,-0.851938
3.5,-5.78319,0.9,-0.8
-2,-0.6,1.2,-0.6
-0.997672,-1.93435,1.17068,-0.620338
0.145605,-4.37267,1.12182,-0.654233
0.684771,-5.1837,1.00592,-0.734806
1.13324,-5.7013,0.815594,-0.865661
2.23043,-5.82016,0.830354,-0.851192
3.5,-5.78319,0.9,-0.8
-2,-0.6,1.2,-0.6
-2.04653,0.216281,1.00855,-0.0616565
-2.13958,1.84884,0.812319,0.490917
-2.27341,2.08545,0.221687,1.93519
-2.33537,2.12384,0.719394,4.1356
-2.88868,1.52598,0.839022,4.88192
-2.78319,0.5,0.9,5.48319
-2,-0.6,1.2,-0.6
-1.49884,-1.26718,0.205604,1.73799
-0.997672,-1.93435,0.221687,1.93519
-0.761159,-2.71137,0.415144,2.91202
0.477683,-4.82275,0.721181,4.15751
1.54079,-6.25366,0.831482,4.31744
3.5,-5.78319,0.9,5.48319
-2,-0.6,1.2,-0.6
-0.446794,-1.04797,0.811913,0.463682
0.886388,-1.81366,0.433702,1.4162
2.28906,-1.72263,0.365445,1.81094
3.76385,-1.87777,0.797899,3.82127
4.1224,-1.35596,0.839022,4.88192
3.5,0.5,0.9,5.48319
-2,-0.6,1.2,-0.6
-3.17103,1.78071,0.958544,-0.162578
-4.41272,4.21233,0.182012,2.28491
-5.00167,5.42432,0.403934,3.14657
-5.86164,5.81565,0.756684,4.43603
-3.72848,2.5395,0.832809,4.85837
-2.78319,0.5,0.9,5.48319
-2,-0.6,1.2,-0.6
-3.17103,1.78071,0.958544,-0.162578
-4.41272,4.21233,0.182012,2.28491
-5.00167,5.42432,0.403934,3.14657
-5.86164,5.81565,0.756684,4.43603
-3.72848,2.5395,0.832809,4.85837
-2.78319,0.5,0.9,5.48319
-2,-0.6,1.2,-0.6
-0.556806,-1.20683,2.63514,-2.44666
0.907747,-1.81408,2.22664,-2.06775
2.47529,-1.83085,1.03286,-1.63721
2.71972,-1.44699,0.956203,-2.08178
2.93274,-0.987182,0.882862,-1.73721
3.5,0.5,0.9,-0.8
-2,-0.6,1.2,-0.6
-3.17103,1.78071,1.02941,-0.255804
-4.41272,4.21233,0.42981,1.42814
-5.03227,5.40605,0.511553,3.38937
-5.24069,4.6732,0.587482,3.65703
-5.85588,5.93338,0.699175,4.21482
-2.78319,0.5,0.9,5.48319
-2,-0.6,1.2,-0.6
0.144532,-1.16131,2.04292,-1.90952
3.76385,-1.87777,2.88585,-3.21904
3.91713,-1.68042,3.21957,-3.77263
4.1224,-1.35596,2.78585,-3.28571
3.87251,-0.511364,1.93038,-1.94656
3.5,0.5,0.9,-0.8
-2,-0.6,1.2,-0.6
0.144532,-1.16131,1.20031,0.149284
3.76385,-1.87777,1.19127,0.902992
3.91713,-1.68042,1.17086,3.03757
4.1224,-1.35596,1.10123,4.42486
3.87251,-0.511364,1.00062,4.95402
3.5,0.5,0.9,5.48319
-2,-0.6,1.2,-0.6
-1.14243,-1.19142,1.52907,0.831269
0.613711,-1.93213,1.58262,1.09764
0.913795,-1.88624,1.16454,-0.0176988
2.2956,-0.936144,1.06884,-0.47273
2.69454,-0.440227,0.5966,-0.0322167
3.5,0.5,0.9,-0.8
-2,-0.6,1.2,-0.6
-1.14243,-1.19142,1.24958,0.505497
0.613711,-1.93213,1.21772,2.3441
0.913795,-1.88624,1.25721,3.66818
2.2956,-0.936144,1.31358,4.7382
2.69454,-0.440227,1.22342,5.14467
3.5,0.5,0.9,5.48319
-2,-0.6,1.2,-0.6
-2.0011,-0.616481,1.27641,1.53255
-2.67998,0.143163,1.29708,2.11381
-2.98506,0.496213,1.31195,2.62817
-3.29568,0.870145,1.26586,3.52311
-3.07601,0.714195,1.22342,5.14467
-2.78319,0.5,0.9,5.48319
-2,-0.6,1.2,-0.6
-0.675006,0.550304,2.55542,-2.33769
0.746841,1.58818,2.04292,-1.90952
1.75226,2.32347,3.21957,-3.77263
2.48332,2.06728,2.78585,-3.28571
2.99166,1.28364,1.84292,-2.04285
3.5,0.5,0.9,-0.8
-2,-0.6,1.2,-0.6
0.144532,-1.16131,1.20031,0.149284
1.42866,-1.55515,1.20062,0.898567
2.67207,-0.978383,1.17086,3.03757
2.69454,-0.440227,1.35283,3.6651
3.04536,0.0340451,1.2292,5.49995
3.5,0.5,0.9,5.48319
-2,-0.6,1.2,-0.6
-3.62127,1.38539,1.03256,-0.785442
-4.26606,2.04512,0.860668,-0.959033
-4.05653,1.86434,0.0336881,-1.45807
-3.57211,1.39201,-0.612805,-2.08298
-3.18358,0.960938,0.053021,-1.58126
-2.78319,0.5,0.9,-0.8
-2,-0.6,1.2,-0.6
-1.85422,-0.777846,1.67699,-1.26419
-1.77131,-0.969847,2.19186,-1.39899
-2.6207,0.189103,1.69013,-1.29525
-2.95609,0.849003,2.32664,-2.00108
-3.27499,0.991601,1.56332,-1.43387
-2.78319,0.5,0.9,-0.8
-2,-0.6,1.2,-0.6
-1.48661,-1.4885,1.12872,-1.90296
-0.927198,-2.48634,1.29177,-3.14587
-0.29454,-4.28645,1.28536,-3.74266
-0.79939,-4.72637,1.19177,-3.21254
-1.53886,-5.03482,1.04589,-2.00627
-2.78319,-5.78319,0.9,-0.8
